<?xml version="1.0" encoding="UTF-8"?>
<beans xmlns="http://www.springframework.org/schema/beans"
	xmlns:p="http://www.springframework.org/schema/p" xmlns:xsi="http://www.w3.org/2001/XMLSchema-instance"
	xmlns:aop="http://www.springframework.org/schema/aop" xmlns:tx="http://www.springframework.org/schema/tx"
	xmlns:context="http://www.springframework.org/schema/context"
	xmlns:util="http://www.springframework.org/schema/util"
	xsi:schemaLocation="http://www.springframework.org/schema/beans http://www.springframework.org/schema/beans/spring-beans-2.5.xsd http://www.springframework.org/schema/aop
http://www.springframework.org/schema/aop/spring-aop-2.5.xsd http://www.springframework.org/schema/context
http://www.springframework.org/schema/context/spring-context.xsd http://www.springframework.org/schema/util http://www.springframework.org/schema/util/spring-util-2.5.xsd">
	<bean id="numberVerifyCodeProvider"
		class="com.trs.dev4.jdk16.verifycode.impl.NumberVerifyCodeProvider" />
	<bean id="chineseVerifyCodeProvider"
		class="com.trs.dev4.jdk16.verifycode.impl.ChineseVerifyCodeProvider" />
	<bean id="questionAnswerVerifyCodeProvider"
		class="com.trs.dev4.jdk16.verifycode.impl.QuestionAnswerVerifyCodeProvider">
		<property name="captchaService" ref="captchaService" />
	</bean>
	<util:map id="verifyCodeProviders">
		<entry>
			<key>
				<value>number</value>
			</key>
			<ref bean="numberVerifyCodeProvider" />
		</entry>
		<entry>
			<key>
				<value>questionAnswer</value>
			</key>
			<ref bean="questionAnswerVerifyCodeProvider" />
		</entry>
		<entry>
			<key>
				<value>chinese</value>
			</key>
			<ref bean="chineseVerifyCodeProvider" />
		</entry>
	</util:map>
</beans>