<?xml version="1.0" encoding="UTF-8"?>
<parsers>
	<parser name="TRS_OBJECT"  class="com.trs.dev4.jdk16.cms.tag.ObjectTagParser" mutualAttributes="id;filterByField">
		<attribute name="obj"  type="OBJ"  required="true"></attribute>
		<attribute name="id"  type="INTFUNCTION"></attribute>
		<attribute name="filterByField"  type="FILTERBYFIELD" ></attribute>
	</parser>
	
	<parser name="TRS_OBJECTS"  class="com.trs.dev4.jdk16.cms.tag.ObjectsTagParser">
		<attribute name="obj"  type="OBJ"  required="true"></attribute>
		<attribute name="filterByField"  type="FILTERBYFIELD" ></attribute>
		<attribute name="orderBy"  type="ORDERBY" ></attribute>
		<attribute name="pageStep"  type="INT" ></attribute>
		<attribute name="loopType"  type="STRINGOPTION" option="loop;noloop"></attribute>
		<attribute name="pageSize"  type="INTFUNCTION" ></attribute>
		<attribute name="pageNo"  type="INTFUNCTION" ></attribute>
		<attribute name="from"  type="INT" ></attribute>
		<attribute name="to"  type="INT" ></attribute>
	</parser>
	
	<parser name="TRS_PROPERTY"  class="com.trs.dev4.jdk16.cms.tag.PropertyTagParser" mutualAttributes="dataPattern;readable">
		<attribute name="value"  type="PROPERTYVALUE"  required="true"></attribute>
		<attribute name="length"  type="INT" ></attribute>
		<attribute name="prefix"  type="STRING" ></attribute>
		<attribute name="suffix"  type="STRING" ></attribute>
		<attribute name="separator"  type="STRING"></attribute>
		<attribute name="urlPattern"  type="STRING" ></attribute>
		<attribute name="escapeXML"  type="BOOLEAN" ></attribute>
		<attribute name="numberPattern"  type="STRING" ></attribute>
		<attribute name="datePattern"  type="STRING" ></attribute>
		<attribute name="readable"  type="BOOLEAN" ></attribute>
	</parser>
	
	<parser name="TRS_SWITCH"  class="com.trs.dev4.jdk16.cms.tag.SwitchTagParser">
		<attribute name="value"  type="KEYVALUE_OPER_VALUE" required="true"></attribute>
	</parser>
	
	<parser name="TRS_LOOP"  class="com.trs.dev4.jdk16.cms.tag.LoopTagParser" neededParentTags="TRS_OBJECTS;TRS_LINKGROUP">
	</parser>
	
	<parser name="TRS_PAGE"  class="com.trs.dev4.jdk16.cms.tag.PageTagParser" neededParentTags="TRS_OBJECTS">
		<attribute name="first"  type="STRING" ></attribute>
		<attribute name="prev"  type="STRING" ></attribute>
		<attribute name="next"  type="STRING" ></attribute>
		<attribute name="last"  type="STRING" ></attribute>
		<attribute name="total"  type="STRING" ></attribute>
		<attribute name="number"  type="BOOLEAN" ></attribute>
		<attribute name="totalPage"  type="STRING" ></attribute>
		<attribute name="pageSize"  type="STRING" ></attribute>
		<attribute name="current"  type="STRING" ></attribute>
		<attribute name="defaultClass"  type="STRING" ></attribute>
		<attribute name="currentClass"  type="STRING" ></attribute>
		<attribute name="currentStyle"  type="STRING" ></attribute>
	</parser>
	
	<parser name="TRS_LINK"  class="com.trs.dev4.jdk16.cms.tag.LinkTagParser" neededParentTags="TRS_LINKGROUP">
		<attribute name="selectedValue"  type="STRING" ></attribute>
	</parser>
	
	<parser name="TRS_LINKGROUP"  class="com.trs.dev4.jdk16.cms.tag.LinkGroupTagParser">
		<attribute name="obj"  type="OBJ"></attribute>
		<attribute name="filterByField"  type="FILTERBYFIELD" ></attribute>
		<attribute name="orderBy"  type="ORDERBY"  option="asc;desc;rand"></attribute>
		<attribute name="pageStep"  type="INT" ></attribute>
		<attribute name="loopType"  type="STRINGOPTION" option="loop;noloop"></attribute>
		<attribute name="pageSize"  type="INTFUNCTION" ></attribute>
		<attribute name="pageNo"  type="INTFUNCTION" ></attribute>
		<attribute name="from"  type="INT" ></attribute>
		<attribute name="to"  type="INT" ></attribute>
		<attribute name="selectedClass"  type="STRING" ></attribute>
		<attribute name="defaultClass"  type="STRING" ></attribute>
		<attribute name="urlParam"  type="STRING" ></attribute>
	</parser>
	
	<parser name="TRS_PAGELET"  class="com.trs.dev4.jdk16.cms.tag.PageletTagParser" allowExtensionAttribute="true">
		<attribute name="templateName"  type="STRING" ></attribute>
		<attribute name="loginedTemplateName"  type="STRING" ></attribute>
		<attribute name="css"  type="STRING_ARRAY" ></attribute>
		<attribute name="js"  type="STRING_ARRAY" ></attribute>
		<attribute name="cacheTime"  type="INT"></attribute>
		<attribute name="id"  type="STRING"></attribute>
		<attribute name="bigpipe"  type="BOOLEAN"></attribute>
	</parser>
	
	<parser name="TRS_WRAPLINE"  class="com.trs.dev4.jdk16.cms.tag.WrapLineTagParser" neededParentTags="TRS_OBJECTS">
		<attribute name="obj"  type="OBJ"   required="true"></attribute>
		<attribute name="length"  type="INT"   required="true"></attribute>
	</parser>
	
	<parser name="TRS_PAGELINK"  class="com.trs.dev4.jdk16.cms.tag.PageLinkTagParser">
		<attribute name="name"  type="STRING"   required="true"></attribute>
	</parser>
	
	<parser name="TRS_APPLICATIONURL"  class="com.trs.dev4.jdk16.cms.tag.ApplicationUrlTagParser" cachable="true"></parser>
	
	<parser name="TRS_RESOURCEURL"  class="com.trs.dev4.jdk16.cms.tag.ResourceUrlTagParser" cachable="true"></parser>
	
</parsers>